<?xml version="1.0" encoding="UTF-8"?>
<project-private xmlns="http://www.netbeans.org/ns/project-private/1">
    <editor-bookmarks xmlns="http://www.netbeans.org/ns/editor-bookmarks/2" lastBookmarkId="0"/>
    <open-files xmlns="http://www.netbeans.org/ns/projectui-open-files/2">
        <group>
            <file>file:/C:/Users/LENOVO/Documents/NetBeansProjects/Semana%206.0/src/semana/pkg6/pkg0/Interfaz.java</file>
            <file>file:/C:/Users/LENOVO/Documents/NetBeansProjects/Semana%206.0/src/semana/pkg6/pkg0/Datos.java</file>
            <file>file:/C:/Users/LENOVO/Documents/NetBeansProjects/Semana%206.0/src/semana/pkg6/pkg0/Mein.java</file>
        </group>
    </open-files>
</project-private>
